brand;season;name;image
Michelin;été;;michelin_primacy4_ete.jpg
Michelin;hiver;;michelin_alpin6_hiver.jpg
Michelin;4 saisons;;michelin_crossclimatesuv_4saisons.jpg
Continental;été;;continental_ecocontact6_ete.jpg
Continental;4x4;;continental_crosscontactlx_4x4.jpg
Continental;4x4;;continental_crosscontactlx2_4x4.jpg
Continental;4x4;;continental_crosscontactatr_4x4.jpg
Continental;hiver;;continental_wintercontactts860_hiver.jpg
Continental;4 saisons;;continental_allseasoncontact_4saisons.jpg
Hankook;4x4;;hankook_dynaproat2rf11_4x4.jpg
BfGoodrich;été;;bfgoodrich_urbanterrainta_ete.jpg
BfGoodrich;4x4;;bfgoodrich_attako2_4x4.jpg
Yokohama;4x4;;yokohama_geolandaratg015_4x4.jpg
Yokohama;4x4;;yokohama_geolandarhtg056_4x4.jpg
Yokohama;été;;yokohama_geolandarg91a_ete.jpg
Riken;été;;riken_roadperformance_ete.jpg
